{
  "display": {
    "title": "CyberPunk District 9",
    "favicon": "favicon_asset",
    "navmapThumbnail": "scene-thumbnail.png"
  },
  "owner": "",
  "contact": {
    "name": "CarlFravel",
    "email": ""
  },
  "main": "bin/game.js",
  "tags": [],
  "scene": {
    "parcels": [
      "0,0",
      "0,1",
      "0,2",
      "0,3",
      "1,0",
      "1,1",
      "1,2",
      "1,3",
      "2,0",
      "2,1",
      "2,2",
      "2,3",
      "3,0",
      "3,1",
      "3,2",
      "3,3"
    ],
    "base": "0,0"
  },
  "communications": {
    "type": "webrtc",
    "signalling": "https://signalling-01.decentraland.org"
  },
  "policy": {
    "contentRating": "E",
    "fly": true,
    "voiceEnabled": true,
    "blacklist": [],
    "teleportPosition": ""
  },
  "source": {
    "version": 1,
    "origin": "builder",
    "projectId": "2b1522a0-3768-426f-990b-9cd716d9cb20",
    "point": {
      "x": 0,
      "y": 0
    },
    "rotation": "east",
    "layout": {
      "rows": 4,
      "cols": 4
    }
  }
}